id,participant_id,body_areas,concerns,frequency,current_solutions,created_at,age_range,employment_status,occupation,life_stage,income_band,challenge_frequency,confidence_level,spent_money,would_use,would_pay,monthly_price,desired_insights,top_insight,email,voice_recordings,other_insight,trusted_source,spent_money_on,body_area_responses,trusted_sources,other_spent_money,other_trusted_source,body_type,other_body_type
c811d8c4-c027-4095-a6ef-e42c558f5a06,c3287c76-3f4b-433b-8569-65de2d908fb4,"[""tummy"", ""arms"", ""thighs""]","{""arms"": [""Appearance concerns""], ""tummy"": [""Bloating"", ""Period-related changes"", ""Weight fluctuations""], ""thighs"": [""Appearance concerns""]}",,"[""Symptom tracking"", ""Supplements"", ""Medication"", ""Exercise""]",2026-06-10 13:17:25.313281,35_44,self_employed,Founder,parent,under_25k,weekly,2,yes,definitely,yes,100_200,"[""Trigger detection"", ""Food and nutrition insights"", ""Patterns I might be missing"", ""Improve my wellbeing"", ""Cycle understanding"", ""Habits affecting my symptoms"", ""Changes in my body over time"", ""Personal baseline and what's normal for me""]",,,,,"[""Google search/AI answers"",""Online communities"",""Social media creators""]","[""Apps"", ""Supplements"", ""Medication"", ""Clothing or shapewear""]","{""arms"": {""concerns"": [""Appearance concerns""], ""frequency"": []}, ""tummy"": {""concerns"": [""Bloating"", ""Period-related changes"", ""Weight fluctuations""], ""frequency"": [""Daily"", ""Around my cycle""]}, ""thighs"": {""concerns"": [""Appearance concerns""], ""frequency"": [""Daily"", ""Around my cycle""]}}",,,,,
1994f356-051c-4e52-899c-2ac62c38ae8e,3a02ffa3-5109-48b3-951d-0be754b5f93e,"[""legs""]","{""legs"": [""Appearance concerns"", ""Size / shape concerns""]}",,"[""Food tracking"", ""Exercise"", ""Wearable Devices""]",2026-06-10 17:55:17.921066,55_plus,retired,Retired,menopausal,25_40k,monthly,4,yes,definitely,yes,20_50,"[""Habits affecting my symptoms"", ""Changes in my body over time"", ""Personal baseline and what's normal for me"", ""Patterns I might be missing"", ""Food and nutrition insights""]",,,,,"[""Specialist clinician"",""My GP or doctor"",""Friends or family""]","[""Clothing or shapewear"", ""Coaching or nutrition support"", ""Medication""]","{""legs"": {""concerns"": [""Appearance concerns"", ""Size / shape concerns""], ""frequency"": [""Occasionally""]}}",,,,,
21461cf3-0536-4a76-99f6-fe206c9340f8,c7b53fb4-e141-46a3-a37b-bc882be6fd8e,"[""tummy""]","{""tummy"": [""Bloating"", ""Swelling"", ""Hormonal changes"", ""Food sensitivities"", ""Clothing fit issues"", ""Period-related changes"", ""Weight fluctuations"", ""Not understanding triggers"", ""Waist size changes""]}",,"[""Supplements"", ""Exercise"", ""Wearable Devices"", ""Taking photos"", ""Measuring"", ""Food tracking""]",2026-06-11 13:59:36.253177,25_34,business_owner,Tech Entrepreneur,no_children,60_100k,daily,3,yes,definitely,yes,50_100,"[""Cycle understanding"", ""Changes in my body over time"", ""Patterns I might be missing"", ""Improve my wellbeing"", ""Personal baseline and what's normal for me"", ""Food and nutrition insights"", ""Trigger detection""]",,,,,"[""My GP or doctor"",""Specialist clinician"",""Other""]","[""Apps"", ""Wearable Devices"", ""Supplements"", ""Gym membership/Personal trainer"", ""Coaching or nutrition support"", ""Clothing or shapewear""]","{""tummy"": {""concerns"": [""Bloating"", ""Swelling"", ""Hormonal changes"", ""Food sensitivities"", ""Clothing fit issues"", ""Period-related changes"", ""Weight fluctuations"", ""Not understanding triggers"", ""Waist size changes""], ""frequency"": [""Weekly""]}}",,,,,
de80b85c-8427-4bd2-868b-d8008c10bc1c,4410a58e-cf5f-414b-8bcc-1d087bee3531,"[""tummy""]","{""tummy"": [""Bloating"", ""Swelling"", ""Digestive discomfort"", ""Food sensitivities"", ""Period-related changes"", ""Weight fluctuations""]}",,"[""Loose clothing"", ""Food tracking""]",2026-06-11 14:25:41.030745,25_34,,,no_children,,monthly,3,yes,maybe,maybe,20_50,"[""Food and nutrition insights"", ""Habits affecting my symptoms"", ""Patterns I might be missing"", ""Changes in my body over time"", ""Improve my wellbeing"", ""Personal baseline and what's normal for me"", ""Trigger detection"", ""Cycle understanding""]",,,,,"[""Health apps""]","[""Medication"", ""Clothing or shapewear"", ""Gym membership/Personal trainer"", ""Coaching or nutrition support"", ""Supplements""]","{""tummy"": {""concerns"": [""Bloating"", ""Swelling"", ""Digestive discomfort"", ""Food sensitivities"", ""Period-related changes"", ""Weight fluctuations""], ""frequency"": [""Monthly"", ""Occasionally""]}}",,,,,
1295a7d3-45b7-402a-840e-4ab623b3b633,58612cef-5cbe-4614-9c75-90ee24666f35,"[""face""]","{""face"": [""Swelling or puffiness""]}",,"[""Supplements"", ""Wearable Devices"", ""Medication""]",2026-06-11 14:42:27.19891,35_44,self_employed,Teacher,perimenopausal,under_25k,weekly,3,yes,definitely,yes,50_100,"[""Food and nutrition insights"", ""Trigger detection""]",,,,,"[""My GP or doctor"",""Google search/AI answers"",""Health apps"",""Wearable Devices""]","[""Apps"", ""Supplements"", ""Medication"", ""Gym membership/Personal trainer"", ""Coaching or nutrition support"", ""Wearable Devices""]","{""face"": {""concerns"": [""Swelling or puffiness""], ""frequency"": [""Around my cycle""]}}",,,,,
f8d50513-0a73-4367-9394-623c9863f462,f1522cd5-6794-40ac-8b3f-b6f3c5bafa77,"[""tummy""]","{""tummy"": [""Food sensitivities"", ""Weight fluctuations"", ""Waist size changes"", ""Not understanding triggers""]}",,"[""Exercise""]",2026-06-11 16:18:06.096639,25_34,employed_full_time,,no_children,,occasionally,1,no,definitely,yes,under_20,"[""Cycle understanding"", ""Personal baseline and what's normal for me"", ""Food and nutrition insights""]",,,,,"[""I don't trust any source consistently"",""Friends or family""]",[],"{""tummy"": {""concerns"": [""Food sensitivities"", ""Weight fluctuations"", ""Waist size changes"", ""Not understanding triggers""], ""frequency"": [""Daily""]}}",,,,,
77c6ca6d-3495-4e3d-8f07-3301bd16213b,63686e0d-71b1-4a8d-af11-996f3408e10f,"[""tummy""]","{""tummy"": [""Bloating"", ""Swelling"", ""Food sensitivities"", ""Hormonal changes"", ""Period-related changes""]}",,"[""Food tracking"", ""Symptom tracking"", ""Supplements"", ""Exercise"", ""Other""]",2026-06-11 18:02:44.766772,35_44,self_employed,Events consultant,perimenopausal,prefer_not_to_say,,3,yes,maybe,maybe,under_20,"[""Trigger detection"", ""Patterns I might be missing"", ""Improve my wellbeing"", ""Personal baseline and what's normal for me""]",,,,,"[""Specialist clinician"",""Health apps""]","[""Apps"", ""Wearable Devices"", ""Supplements"", ""Gym membership/Personal trainer""]","{""tummy"": {""concerns"": [""Bloating"", ""Swelling"", ""Food sensitivities"", ""Hormonal changes"", ""Period-related changes""], ""frequency"": [""Daily""]}}",,,,,
a0683924-9b96-44fc-a7cc-fb0c86fdf290,546bcd1f-003f-455a-a60e-53f33bde1ae7,"[""arms"", ""tummy""]","{""arms"": [""Appearance concerns"", ""Clothing fit concerns""], ""tummy"": [""Bloating"", ""Digestive discomfort"", ""Hormonal changes"", ""Confidence concerns""]}",,"[""Supplements"", ""Exercise"", ""Food tracking""]",2026-06-11 18:17:41.076198,35_44,employed_full_time,Healthcare IT Site Lead,perimenopausal,60_100k,daily,3,yes,probably,maybe,20_50,"[""Improve my wellbeing"", ""Personal baseline and what's normal for me"", ""Habits affecting my symptoms"", ""Food and nutrition insights"", ""Trigger detection"", ""Patterns I might be missing"", ""Changes in my body over time""]",,,,,"[""My GP or doctor"",""Specialist clinician""]","[""Supplements"", ""Private healthcare"", ""Clothing or shapewear"", ""Medication""]","{""arms"": {""concerns"": [""Appearance concerns"", ""Clothing fit concerns""], ""frequency"": []}, ""tummy"": {""concerns"": [""Bloating"", ""Digestive discomfort"", ""Hormonal changes"", ""Confidence concerns""], ""frequency"": [""Daily""]}}",,,,,
5bcdb3a5-a448-4cff-aa50-e21346d4c404,ccb7f069-4498-4c0b-83ec-4c480b55153a,"[""thighs"", ""tummy"", ""arms"", ""face"", ""chest""]","{""arms"": [""Appearance concerns""], ""face"": [""Swelling or puffiness""], ""chest"": [""Size / shape concerns"", ""Clothing fit concerns""], ""tummy"": [""Period-related changes"", ""Bloating"", ""Confidence concerns""], ""thighs"": [""Appearance concerns"", ""Clothing fit concerns""]}",,"[""Loose clothing""]",2026-06-11 18:18:44.595432,25_34,employed_full_time,Software Engineer,new_mother,25_40k,weekly,3,yes,definitely,yes,under_20,"[""Trigger detection"", ""Patterns I might be missing"", ""Cycle understanding"", ""Habits affecting my symptoms"", ""Changes in my body over time"", ""Personal baseline and what's normal for me""]",,,,,"[""I don't trust any source consistently""]","[""Apps"", ""Wearable Devices"", ""Gym membership/Personal trainer"", ""Clothing or shapewear""]","{""arms"": {""concerns"": [""Appearance concerns""], ""frequency"": []}, ""face"": {""concerns"": [""Swelling or puffiness""], ""frequency"": []}, ""chest"": {""concerns"": [""Size / shape concerns"", ""Clothing fit concerns""], ""frequency"": [""Daily""]}, ""tummy"": {""concerns"": [""Period-related changes"", ""Bloating"", ""Confidence concerns""], ""frequency"": []}, ""thighs"": {""concerns"": [""Appearance concerns"", ""Clothing fit concerns""], ""frequency"": []}}",,,,,
5f6d9f02-ff0d-490d-8b42-74b5e30001a4,94f36fa9-0fa8-429d-8139-3a525b13bbb4,"[""arms""]","{""arms"": [""Size / shape concerns""]}",,"[""Exercise"", ""Measuring"", ""Taking photos"", ""Food tracking""]",2026-06-11 18:26:50.636473,35_44,employed_full_time,Specialist community public health nurse,parent,25_40k,daily,3,yes,definitely,maybe,under_20,"[""Trigger detection"", ""Food and nutrition insights"", ""Patterns I might be missing"", ""Changes in my body over time"", ""Habits affecting my symptoms"", ""Personal baseline and what's normal for me""]",,,,,"[""Specialist clinician"",""Google search/AI answers"",""Health apps"",""Wearable Devices"",""Friends or family"",""Online communities""]","[""Gym membership/Personal trainer""]","{""arms"": {""concerns"": [""Size / shape concerns""], ""frequency"": [""Occasionally""]}}",,,,,
82e1ab21-a108-488d-a015-7e15e0622df5,77f9b188-7f70-4731-902f-fabd329628d9,"[""tummy""]","{""tummy"": [""Food sensitivities"", ""Hormonal changes"", ""Period-related changes"", ""Bloating"", ""Weight fluctuations"", ""Waist size changes""]}",,"[""Exercise"", ""Supplements""]",2026-06-11 19:21:01.885782,35_44,employed_full_time,Project Manager,perimenopausal,40_60k,weekly,2,yes,definitely,maybe,under_20,"[""Trigger detection"", ""Cycle understanding"", ""Patterns I might be missing"", ""Changes in my body over time"", ""Habits affecting my symptoms""]",,,,,"[""My GP or doctor"",""Specialist clinician"",""Online communities""]","[""Supplements"", ""Apps"", ""Gym membership/Personal trainer""]","{""tummy"": {""concerns"": [""Food sensitivities"", ""Hormonal changes"", ""Period-related changes"", ""Bloating"", ""Weight fluctuations"", ""Waist size changes""], ""frequency"": [""Occasionally""]}}",,,,,
bfb4a0bb-a958-45a8-ac4b-f9c91ad4ee44,e8193f24-b4fc-41bd-aa6b-fd498028f078,"[""chest""]","{""chest"": [""Clothing fit concerns""]}",,"[""Exercise""]",2026-06-11 19:54:13.169561,45_54,employed_full_time,Teacher,perimenopausal,25_40k,monthly,3,no,maybe,maybe,under_20,"[""Food and nutrition insights"", ""Changes in my body over time"", ""Personal baseline and what's normal for me""]",,,,,"[""My GP or doctor"",""Online communities""]",[],"{""chest"": {""concerns"": [""Clothing fit concerns""], ""frequency"": [""Weekly""]}}",,,,,
61a40daf-c6a2-4bdf-99db-ba7c75bae4d0,6f716484-91f3-4bc4-8cd8-d68ea77a2531,"[""chest"", ""tummy""]","{""chest"": [""Appearance concerns""], ""tummy"": [""Bloating"", ""Food sensitivities"", ""Digestive discomfort""]}",,"[""Exercise"", ""Food tracking""]",2026-06-11 20:26:14.588215,35_44,employed_part_time,SEN Home Tutor,parent,25_40k,weekly,3,yes,definitely,yes,20_50,"[""Cycle understanding"", ""Habits affecting my symptoms"", ""Changes in my body over time"", ""Patterns I might be missing"", ""Food and nutrition insights""]",,,,,"[""Online communities"",""Specialist clinician"",""Health apps""]","[""Gym membership/Personal trainer"", ""Clothing or shapewear"", ""Apps""]","{""chest"": {""concerns"": [""Appearance concerns""], ""frequency"": [""Daily""]}, ""tummy"": {""concerns"": [""Bloating"", ""Food sensitivities"", ""Digestive discomfort""], ""frequency"": [""Occasionally""]}}",,,,,
8a2228d1-e8d1-4425-928d-625cc19b8b22,5206800e-55f4-4f83-9623-648877c807ae,"[""tummy""]","{""tummy"": [""Weight fluctuations""]}",,"[""Exercise""]",2026-06-11 20:50:04.936599,35_44,employed_full_time,Paralegal,parent,25_40k,occasionally,4,yes,probably,yes,20_50,"[""Habits affecting my symptoms""]",,,,,"[""My GP or doctor""]","[""Gym membership/Personal trainer""]","{""tummy"": {""concerns"": [""Weight fluctuations""], ""frequency"": [""Occasionally""]}}",,,,,
72af7ef1-7521-4a08-8f1d-be561c1b822d,6dc1ab5d-1cad-4823-b249-cf265c193dcc,"[""thighs""]","{""thighs"": [""Size / shape concerns""]}",,"[""Nothing""]",2026-06-11 20:51:53.884287,55_plus,employed_full_time,Nunya,menopausal,prefer_not_to_say,occasionally,3,no,probably,maybe,20_50,"[""Changes in my body over time""]",,,,,"[""I don't trust any source consistently""]",[],"{""thighs"": {""concerns"": [""Size / shape concerns""], ""frequency"": [""Rarely""]}}",,,,,
33dd2c71-672c-489e-9444-01704a9ac22b,a2e21457-85b6-4fcf-843b-a47064c1cef6,"[""tummy"", ""thighs"", ""chest""]","{""chest"": [""Size / shape concerns"", ""Appearance concerns""], ""tummy"": [""Bloating"", ""Confidence concerns"", ""Weight fluctuations""], ""thighs"": [""Size / shape concerns"", ""Appearance concerns""]}",,"[""Food tracking"", ""Exercise"", ""Loose clothing""]",2026-06-12 06:35:40.149664,35_44,not_working,,parent,prefer_not_to_say,weekly,1,yes,definitely,maybe,under_20,"[""Food and nutrition insights"", ""Habits affecting my symptoms"", ""Cycle understanding"", ""Patterns I might be missing"", ""Personal baseline and what's normal for me""]",,,,,"[""My GP or doctor"",""Specialist clinician"",""Google search/AI answers"",""Health apps"",""Online communities""]","[""Wearable Devices"", ""Supplements"", ""Gym membership/Personal trainer"", ""Clothing or shapewear""]","{""chest"": {""concerns"": [""Size / shape concerns"", ""Appearance concerns""], ""frequency"": [""Daily""]}, ""tummy"": {""concerns"": [""Bloating"", ""Confidence concerns"", ""Weight fluctuations""], ""frequency"": []}, ""thighs"": {""concerns"": [""Size / shape concerns"", ""Appearance concerns""], ""frequency"": []}}",,,,,
49ab1710-53e8-4d31-8d44-af507310ab65,8b3b7d8a-79d8-4b3e-82af-6886106253b5,"[""tummy""]","{""tummy"": [""Bloating"", ""Clothing fit issues"", ""Confidence concerns"", ""Weight fluctuations"", ""Waist size changes"", ""Digestive discomfort""]}",,"[""Taking photos"", ""Loose clothing"", ""Exercise""]",2026-06-12 11:27:49.127778,55_plus,not_working,Administration,menopausal,,daily,5,no,maybe,maybe,50_100,"[""Trigger detection"", ""Food and nutrition insights"", ""Habits affecting my symptoms""]",,,,,"[""Specialist clinician"",""I don't trust any source consistently"",""Wearable Devices""]",[],"{""tummy"": {""concerns"": [""Bloating"", ""Clothing fit issues"", ""Confidence concerns"", ""Weight fluctuations"", ""Waist size changes"", ""Digestive discomfort""], ""frequency"": [""Daily""]}}",,,,mid,
bd1487af-787b-4b50-9e75-7b9e03b3a7cc,268aac02-c905-4a82-b875-e44fdeb81928,"[""tummy""]","{""tummy"": [""Hormonal changes"", ""Bloating"", ""Clothing fit issues""]}",,"[""Measuring"", ""Exercise"", ""Taking photos""]",2026-06-12 12:06:30.55469,18_24,business_owner,Founder,no_children,under_25k,weekly,1,yes,definitely,maybe,under_20,"[""Habits affecting my symptoms"", ""Personal baseline and what's normal for me"", ""Patterns I might be missing"", ""Trigger detection""]",,,,,"[""Health apps"",""Wearable Devices"",""Google search/AI answers"",""Social media creators""]","[""Wearable Devices"", ""Supplements"", ""Medication"", ""Gym membership/Personal trainer"", ""Clothing or shapewear"", ""Apps""]","{""tummy"": {""concerns"": [""Hormonal changes"", ""Bloating"", ""Clothing fit issues""], ""frequency"": [""Daily""]}}",,,,mid,
46f25bb3-c989-4aca-b698-932a6aba2816,745f2855-33d5-4f03-99ac-11deab94ab78,"[""tummy"", ""chest"", ""face"", ""arms"", ""hips"", ""thighs"", ""legs""]","{""arms"": [""Skin concerns""], ""face"": [""Skin changes""], ""hips"": [""Size / shape concerns""], ""legs"": [""Size / shape concerns""], ""chest"": [""Size / shape concerns""], ""tummy"": [""Bloating"", ""Hormonal changes""], ""thighs"": [""Size / shape concerns""]}",,"[""Food tracking"", ""Symptom tracking"", ""Wearable Devices"", ""Exercise""]",2026-06-12 12:07:37.510331,55_plus,business_owner,,,,daily,,,,,,"[""Food and nutrition insights"", ""Habits affecting my symptoms"", ""Changes in my body over time""]",,,,,"[""My GP or doctor"",""Specialist clinician"",""Wearable Devices""]",[],"{""arms"": {""concerns"": [""Skin concerns""], ""frequency"": []}, ""face"": {""concerns"": [""Skin changes""], ""frequency"": []}, ""hips"": {""concerns"": [""Size / shape concerns""], ""frequency"": []}, ""legs"": {""concerns"": [""Size / shape concerns""], ""frequency"": [""Monthly""]}, ""chest"": {""concerns"": [""Size / shape concerns""], ""frequency"": []}, ""tummy"": {""concerns"": [""Bloating"", ""Hormonal changes""], ""frequency"": []}, ""thighs"": {""concerns"": [""Size / shape concerns""], ""frequency"": []}}",,,,mid,
5217d0de-848e-461f-aacd-e9bba4430f2a,129edda6-e98c-4d90-9e17-21c9daa5db28,"[""tummy"", ""arms""]","{""arms"": [], ""tummy"": [""Confidence concerns""]}",,"[""Exercise""]",2026-06-12 12:10:00.81455,45_54,employed_full_time,Product Manager,parent,,occasionally,4,yes,maybe,maybe,under_20,"[""Trigger detection"", ""Patterns I might be missing"", ""Personal baseline and what's normal for me""]",,,,,"[""Friends or family"",""Online communities"",""Google search/AI answers"",""Social media creators"",""My GP or doctor""]","[""Apps"", ""Supplements"", ""Gym membership/Personal trainer""]","{""arms"": {""concerns"": [], ""frequency"": [""Rarely""]}, ""tummy"": {""concerns"": [""Confidence concerns""], ""frequency"": []}}",,,,slim,
e6c669e3-90c9-4025-b7e1-1fcf2c0e29a8,793341a9-2c24-4432-9c2b-8de710f6ea34,"[""tummy"", ""face"", ""arms""]","{""arms"": [], ""face"": [""Changes I don't fully understand""], ""tummy"": [""Confidence concerns"", ""Bloating"", ""Clothing fit issues"", ""Other""]}",,"[""Other"", ""Loose clothing""]",2026-06-12 12:12:50.557709,35_44,business_owner,,perimenopausal,under_25k,occasionally,2,yes,maybe,maybe,under_20,"[""Trigger detection"", ""Patterns I might be missing"", ""Personal baseline and what's normal for me"", ""Improve my wellbeing""]",,,,,"[""I don't trust any source consistently""]","[""Medication"", ""Supplements"", ""Private healthcare"", ""Apps""]","{""arms"": {""concerns"": [], ""frequency"": [""Weekly""]}, ""face"": {""concerns"": [""Changes I don't fully understand""], ""frequency"": [""Occasionally""]}, ""tummy"": {""concerns"": [""Confidence concerns"", ""Bloating"", ""Clothing fit issues"", ""Other""], ""frequency"": [""Weekly""]}}",,,,mid,
39990580-c0de-4a6a-aee1-eb6a2635bc74,6d7c9f72-b914-4991-939b-2eb479059a87,"[""thighs"", ""tummy"", ""arms""]","{""arms"": [""Appearance concerns""], ""tummy"": [""Weight fluctuations""], ""thighs"": [""Clothing fit concerns"", ""Size / shape concerns""]}",,"[""Exercise"", ""Supplements"", ""Symptom tracking"", ""Taking photos""]",2026-06-12 12:17:24.8131,35_44,business_owner,Founder,no_children,,monthly,5,yes,definitely,yes,50_100,"[""Patterns I might be missing"", ""Food and nutrition insights"", ""Cycle understanding"", ""Habits affecting my symptoms"", ""Personal baseline and what's normal for me""]",,,,,"[""Social media creators"",""Health apps"",""Online communities"",""Google search/AI answers"",""Friends or family""]","[""Apps"", ""Supplements"", ""Gym membership/Personal trainer"", ""Medication"", ""Private healthcare""]","{""arms"": {""concerns"": [""Appearance concerns""], ""frequency"": [""Weekly""]}, ""tummy"": {""concerns"": [""Weight fluctuations""], ""frequency"": []}, ""thighs"": {""concerns"": [""Clothing fit concerns"", ""Size / shape concerns""], ""frequency"": []}}",,,,mid,
8f9abbe6-f302-4466-bdb0-08d8b40ce81d,e09d89b7-12d3-45c2-b2ab-32c1323adb24,"[""thighs""]","{""thighs"": [""Appearance concerns""]}",,"[""Food tracking"", ""Exercise""]",2026-06-12 13:36:54.655771,45_54,business_owner,Founder,menopausal,40_60k,daily,4,yes,definitely,yes,50_100,"[""Habits affecting my symptoms""]",,,,,"[""Health apps"",""Wearable Devices"",""Specialist clinician""]","[""Apps"", ""Supplements"", ""Coaching or nutrition support"", ""Wearable Devices""]","{""thighs"": {""concerns"": [""Appearance concerns""], ""frequency"": [""Monthly""]}}",,,,slim,
f56dac2e-029d-4d27-a278-b80b902b6434,d1db53ce-919f-42bc-882a-30fcc5a1d0c6,"[""tummy""]","{""tummy"": [""Bloating"", ""Period-related changes""]}",,"[""Exercise""]",2026-06-12 14:06:35.302423,25_34,self_employed,Mentor,no_children,under_25k,weekly,3,no,definitely,yes,20_50,"[""Habits affecting my symptoms"", ""Changes in my body over time"", ""Personal baseline and what's normal for me"", ""Food and nutrition insights"", ""Trigger detection""]",,,,,"[""Google search/AI answers"",""Friends or family"",""My GP or doctor""]",[],"{""tummy"": {""concerns"": [""Bloating"", ""Period-related changes""], ""frequency"": [""Weekly""]}}",,,,mid,
d09b1d1a-13f7-4e64-ac64-150ef98fb2ca,f7c5b974-19f7-4a19-9734-9e1d06735c23,"[""hips"", ""arms"", ""chest""]","{""arms"": [""Size / shape concerns""], ""hips"": [""Clothing fit concerns""], ""chest"": [""Size / shape concerns""]}",,"[""Food tracking"", ""Exercise""]",2026-06-12 20:51:41.651658,18_24,student,Student,no_children,under_25k,weekly,1,yes,probably,maybe,20_50,"[""Trigger detection"", ""Food and nutrition insights"", ""Cycle understanding"", ""Personal baseline and what's normal for me"", ""Improve my wellbeing""]",,,,,"[""Specialist clinician""]","[""Gym membership/Personal trainer"", ""Wearable Devices"", ""Coaching or nutrition support""]","{""arms"": {""concerns"": [""Size / shape concerns""], ""frequency"": []}, ""hips"": {""concerns"": [""Clothing fit concerns""], ""frequency"": []}, ""chest"": {""concerns"": [""Size / shape concerns""], ""frequency"": [""Monthly""]}}",,,,slim,
7bb4b96a-f3e8-4bf4-ae65-dd454f858d70,fba95d07-11d6-4a77-a547-1b446eb88b77,"[""tummy""]","{""tummy"": [""Bloating"", ""Hormonal changes"", ""Period-related changes""]}",,"[""Food tracking"", ""Exercise""]",2026-06-12 23:32:27.753586,25_34,business_owner,Founder,new_mother,60_100k,occasionally,4,yes,maybe,maybe,100_200,"[""Trigger detection"", ""Cycle understanding"", ""Habits affecting my symptoms"", ""Patterns I might be missing"", ""Changes in my body over time"", ""Personal baseline and what's normal for me""]",,,,,"[""My GP or doctor"",""Specialist clinician"",""Google search/AI answers"",""Social media creators"",""Wearable Devices"",""Friends or family"",""Health apps"",""Online communities""]","[""Apps"", ""Gym membership/Personal trainer""]","{""tummy"": {""concerns"": [""Bloating"", ""Hormonal changes"", ""Period-related changes""], ""frequency"": [""Around my cycle"", ""Weekly""]}}",,,,slim,
e2e31b26-dcfb-4cd3-b4f2-de96f034fbde,9a03e7a6-ce40-4a1a-bb15-2bd1883ce28f,"[""arms""]","{""arms"": [""Size / shape concerns""]}",,"[""Nothing"", ""Loose clothing""]",2026-06-13 07:56:17.027541,45_54,not_working,,perimenopausal,,occasionally,4,no,probably,no,20_50,"[""Habits affecting my symptoms"", ""Changes in my body over time"", ""Improve my wellbeing"", ""Food and nutrition insights"", ""Cycle understanding"", ""Personal baseline and what's normal for me""]",,,,,"[""My GP or doctor"",""Health apps"",""Online communities"",""Google search/AI answers"",""Specialist clinician""]",[],"{""arms"": {""concerns"": [""Size / shape concerns""], ""frequency"": [""Daily""]}}",,,,curvy,
88a51340-6736-4dbe-9604-6c846c847fdc,f39bb963-4e6f-411c-b580-edda3f542640,"[""legs""]","{""legs"": [""Appearance concerns"", ""Size / shape concerns"", ""Other""]}",,"[""Wearable Devices"", ""Loose clothing""]",2026-06-13 09:43:04.044576,55_plus,employed_full_time,Nurse,prefer_not_to_say,prefer_not_to_say,daily,5,yes,unlikely,no,20_50,"[""Improve my wellbeing"", ""Patterns I might be missing""]",,,,,"[""My GP or doctor"",""Friends or family"",""Specialist clinician"",""Wearable Devices"",""Google search/AI answers""]","[""Wearable Devices"", ""Supplements"", ""Private healthcare"", ""Clothing or shapewear"", ""Gym membership/Personal trainer"", ""Medication"", ""Apps""]","{""legs"": {""concerns"": [""Appearance concerns"", ""Size / shape concerns"", ""Other""], ""frequency"": [""Daily""]}}",,,,mid,
3dcab8ea-a2eb-402b-8da1-f592a7e5cb2d,b61e5386-0397-4448-8d43-8ba42ea98e18,"[""tummy"", ""face"", ""hips"", ""thighs"", ""legs""]","{""face"": [""Changes around my cycle""], ""hips"": [""Appearance concerns"", ""Size / shape concerns"", ""Clothing fit concerns""], ""legs"": [], ""tummy"": [""Period-related changes""], ""thighs"": [""Clothing fit concerns""]}",,"[""Loose clothing""]",2026-06-13 12:31:48.157352,25_34,employed_full_time,,no_children,25_40k,occasionally,4,no,unlikely,maybe,under_20,"[""Patterns I might be missing"", ""Habits affecting my symptoms""]",,,,,"[""My GP or doctor"",""Friends or family""]",[],"{""face"": {""concerns"": [""Changes around my cycle""], ""frequency"": []}, ""hips"": {""concerns"": [""Appearance concerns"", ""Size / shape concerns"", ""Clothing fit concerns""], ""frequency"": []}, ""legs"": {""concerns"": [], ""frequency"": [""Monthly""]}, ""tummy"": {""concerns"": [""Period-related changes""], ""frequency"": []}, ""thighs"": {""concerns"": [""Clothing fit concerns""], ""frequency"": []}}",,,,slim,
5d9e6ddf-9413-452a-83ae-e6393c7f7284,0512582e-22f3-4462-9dfe-00c3dff2e976,"[""arms""]","{""arms"": [""Size / shape concerns"", ""Clothing fit concerns"", ""Appearance concerns""]}",,"[""Loose clothing""]",2026-06-13 17:36:25.082453,55_plus,employed_full_time,Director,menopausal,60_100k,daily,4,yes,probably,yes,20_50,"[""Trigger detection"", ""Food and nutrition insights"", ""Habits affecting my symptoms"", ""Patterns I might be missing"", ""Changes in my body over time"", ""Improve my wellbeing"", ""Personal baseline and what's normal for me""]",,,,,"[""Wearable Devices"",""I don't trust any source consistently"",""Specialist clinician""]","[""Apps"", ""Wearable Devices"", ""Supplements"", ""Medication"", ""Gym membership/Personal trainer"", ""Private healthcare"", ""Coaching or nutrition support"", ""Clothing or shapewear""]","{""arms"": {""concerns"": [""Size / shape concerns"", ""Clothing fit concerns"", ""Appearance concerns""], ""frequency"": [""Weekly""]}}",,,,mid,
414a2d48-2fc5-41e7-bb4a-bde00c26b257,2c620683-b23d-4741-8282-adc3864dc8df,"[""face""]","{""face"": [""Swelling or puffiness"", ""Acne or breakouts"", ""Confidence concerns"", ""Weight-related changes""]}",,"[""Loose clothing""]",2026-06-13 17:39:37.269061,25_34,employed_full_time,Teacher,no_children,25_40k,monthly,2,yes,definitely,yes,20_50,"[""Changes in my body over time"", ""Improve my wellbeing"", ""Patterns I might be missing""]",,,,,"[""My GP or doctor""]","[""Supplements"", ""Medication""]","{""face"": {""concerns"": [""Swelling or puffiness"", ""Acne or breakouts"", ""Confidence concerns"", ""Weight-related changes""], ""frequency"": [""Daily""]}}",,,,curvy,
bde98d1b-3cf8-491f-b850-59df4054872a,4327e69d-bff8-48a2-b544-a6786098ffce,"[""thighs"", ""tummy"", ""arms"", ""hips"", ""chest"", ""legs""]","{""arms"": [""Comfort concerns""], ""hips"": [""Size / shape concerns"", ""Clothing fit concerns""], ""legs"": [""Clothing fit concerns""], ""chest"": [""Size / shape concerns"", ""Clothing fit concerns""], ""tummy"": [""Bloating"", ""Hormonal changes"", ""Clothing fit issues"", ""Confidence concerns""], ""thighs"": [""Size / shape concerns"", ""Clothing fit concerns""]}",,"[""Loose clothing""]",2026-06-14 08:40:54.861981,35_44,employed_full_time,Supervisor,no_children,,occasionally,2,no,probably,yes,50_100,"[""Cycle understanding"", ""Food and nutrition insights"", ""Habits affecting my symptoms"", ""Patterns I might be missing"", ""Changes in my body over time"", ""Improve my wellbeing"", ""Personal baseline and what's normal for me""]",,,,,"[""Specialist clinician"",""My GP or doctor""]",[],"{""arms"": {""concerns"": [""Comfort concerns""], ""frequency"": [""Occasionally""]}, ""hips"": {""concerns"": [""Size / shape concerns"", ""Clothing fit concerns""], ""frequency"": [""Occasionally""]}, ""legs"": {""concerns"": [""Clothing fit concerns""], ""frequency"": [""Monthly""]}, ""chest"": {""concerns"": [""Size / shape concerns"", ""Clothing fit concerns""], ""frequency"": [""Occasionally""]}, ""tummy"": {""concerns"": [""Bloating"", ""Hormonal changes"", ""Clothing fit issues"", ""Confidence concerns""], ""frequency"": [""Around my cycle"", ""Monthly""]}, ""thighs"": {""concerns"": [""Size / shape concerns"", ""Clothing fit concerns""], ""frequency"": [""Occasionally""]}}",,,,curvy,
3564ba44-7aec-421f-9ffb-acab7e0d03c5,9185d73f-dcd6-4595-9493-8ae3324d2b49,"[""tummy"", ""face"", ""arms"", ""thighs"", ""legs""]","{""arms"": [""Appearance concerns"", ""Clothing fit concerns""], ""face"": [""Swelling or puffiness"", ""I notice patterns""], ""legs"": [""Size / shape concerns""], ""tummy"": [""Bloating"", ""Digestive discomfort"", ""Food sensitivities"", ""Hormonal changes"", ""Clothing fit issues"", ""Confidence concerns"", ""Weight fluctuations"", ""Waist size changes""], ""thighs"": [""Appearance concerns"", ""Comfort concerns"", ""Skin concerns"", ""Size / shape concerns"", ""Clothing fit concerns""]}",,"[""Food tracking"", ""Supplements"", ""Medication"", ""Exercise"", ""Wearable Devices"", ""Measuring"", ""Loose clothing""]",2026-06-14 15:17:42.030026,45_54,self_employed,Accountant,parent,60_100k,weekly,3,yes,maybe,maybe,under_20,"[""Trigger detection"", ""Food and nutrition insights"", ""Habits affecting my symptoms"", ""Patterns I might be missing"", ""Changes in my body over time"", ""Personal baseline and what's normal for me""]",,,,,"[""Specialist clinician"",""Google search/AI answers"",""Health apps"",""Wearable Devices""]","[""Apps"", ""Wearable Devices"", ""Supplements"", ""Medication"", ""Gym membership/Personal trainer"", ""Private healthcare"", ""Coaching or nutrition support"", ""Clothing or shapewear""]","{""arms"": {""concerns"": [""Appearance concerns"", ""Clothing fit concerns""], ""frequency"": []}, ""face"": {""concerns"": [""Swelling or puffiness"", ""I notice patterns""], ""frequency"": []}, ""legs"": {""concerns"": [""Size / shape concerns""], ""frequency"": [""Weekly"", ""Monthly"", ""Around my cycle""]}, ""tummy"": {""concerns"": [""Bloating"", ""Digestive discomfort"", ""Food sensitivities"", ""Hormonal changes"", ""Clothing fit issues"", ""Confidence concerns"", ""Weight fluctuations"", ""Waist size changes""], ""frequency"": []}, ""thighs"": {""concerns"": [""Appearance concerns"", ""Comfort concerns"", ""Skin concerns"", ""Size / shape concerns"", ""Clothing fit concerns""], ""frequency"": []}}",,,,mid,
aee47320-44a0-453d-b932-f90390cb4ae1,6da92256-8cf6-41eb-addd-f9a73b2292b5,"[""tummy"", ""chest""]","{""chest"": [""Comfort concerns"", ""Size / shape concerns""], ""tummy"": [""Bloating"", ""Hormonal changes"", ""Weight fluctuations""]}",,"[""Nothing""]",2026-06-14 15:25:35.803202,35_44,employed_full_time,Registered Manager - children’s home,no_children,40_60k,daily,4,yes,definitely,yes,20_50,"[""Food and nutrition insights"", ""Habits affecting my symptoms"", ""Changes in my body over time"", ""Patterns I might be missing"", ""Improve my wellbeing"", ""Personal baseline and what's normal for me"", ""Cycle understanding"", ""Trigger detection""]",,,,,"[""My GP or doctor"",""Specialist clinician"",""Google search/AI answers"",""Health apps""]","[""Supplements"", ""Gym membership/Personal trainer""]","{""chest"": {""concerns"": [""Comfort concerns"", ""Size / shape concerns""], ""frequency"": [""Occasionally"", ""Around my cycle""]}, ""tummy"": {""concerns"": [""Bloating"", ""Hormonal changes"", ""Weight fluctuations""], ""frequency"": [""Occasionally""]}}",,,,slim,
eab77353-514f-4c83-ae96-f58232afb9c6,6cec5684-74dd-43ef-b23e-3144f860c5db,"[""tummy"", ""face"", ""arms"", ""hips"", ""thighs""]","{""arms"": [""Skin concerns""], ""face"": [""Acne or breakouts"", ""Changes around my cycle""], ""hips"": [""Skin concerns"", ""Appearance concerns""], ""tummy"": [""Bloating""], ""thighs"": [""Appearance concerns""]}",,"[""Nothing""]",2026-06-14 16:10:52.92434,18_24,employed_full_time,Marketing Executive,no_children,25_40k,occasionally,3,yes,probably,yes,20_50,"[""Trigger detection"", ""Habits affecting my symptoms""]",,,,,"[""My GP or doctor"",""Friends or family""]","[""Supplements"", ""Clothing or shapewear""]","{""arms"": {""concerns"": [""Skin concerns""], ""frequency"": [""Monthly""]}, ""face"": {""concerns"": [""Acne or breakouts"", ""Changes around my cycle""], ""frequency"": [""Around my cycle"", ""Monthly""]}, ""hips"": {""concerns"": [""Skin concerns"", ""Appearance concerns""], ""frequency"": [""Occasionally""]}, ""tummy"": {""concerns"": [""Bloating""], ""frequency"": [""Occasionally""]}, ""thighs"": {""concerns"": [""Appearance concerns""], ""frequency"": [""Occasionally""]}}",,,,slim,
8d968f5f-d54c-4acb-8b4f-dc2463f8c37a,6c811298-49c4-4e7b-9f4b-3b3492c3d5cc,"[""thighs""]","{""thighs"": [""Size / shape concerns""]}",,"[""Exercise""]",2026-06-14 21:01:05.189895,35_44,employed_full_time,Team Leader,no_children,25_40k,occasionally,4,yes,probably,yes,20_50,"[""Food and nutrition insights"", ""Cycle understanding"", ""Habits affecting my symptoms"", ""Something else"", ""Personal baseline and what's normal for me"", ""Changes in my body over time"", ""Patterns I might be missing""]",,,,,"[""My GP or doctor"",""Google search/AI answers"",""Health apps"",""Friends or family""]","[""Supplements""]","{""thighs"": {""concerns"": [""Size / shape concerns""], ""frequency"": [""Daily""]}}",,,,slim,
8b21eac4-94b2-459c-a88f-5eb7fee5559c,c9b74bb7-fddf-4c77-88ad-df4905ad321e,"[""tummy""]","{""tummy"": [""Hormonal changes"", ""Period-related changes"", ""Clothing fit issues"", ""Confidence concerns""]}",,"[""Exercise"", ""Wearable Devices"", ""Supplements""]",2026-06-15 08:40:33.021246,35_44,employed_full_time,Compliance,perimenopausal,60_100k,monthly,1,yes,definitely,yes,20_50,"[""Trigger detection"", ""Patterns I might be missing"", ""Improve my wellbeing"", ""Personal baseline and what's normal for me"", ""Changes in my body over time"", ""Habits affecting my symptoms"", ""Cycle understanding"", ""Food and nutrition insights""]",,,,,"[""Friends or family"",""Online communities"",""I don't trust any source consistently""]","[""Apps"", ""Supplements"", ""Gym membership/Personal trainer"", ""Wearable Devices"", ""Clothing or shapewear"", ""Private healthcare""]","{""tummy"": {""concerns"": [""Hormonal changes"", ""Period-related changes"", ""Clothing fit issues"", ""Confidence concerns""], ""frequency"": [""Monthly""]}}",,,,mid,
fe143fc6-f4c0-4f80-bc15-77937915d0e2,2f7e6860-7bf6-42d5-9b50-f85df7ee4a7f,"[""thighs""]","{""thighs"": [""Appearance concerns"", ""Size / shape concerns""]}",,"[""Food tracking"", ""Symptom tracking"", ""Supplements"", ""Exercise"", ""Wearable Devices"", ""Loose clothing""]",2026-06-15 09:18:24.386836,45_54,employed_full_time,Senior Manager,perimenopausal,prefer_not_to_say,weekly,3,yes,probably,yes,50_100,"[""Trigger detection"", ""Cycle understanding"", ""Patterns I might be missing"", ""Changes in my body over time"", ""Personal baseline and what's normal for me""]",,,,,"[""My GP or doctor"",""Specialist clinician"",""Google search/AI answers"",""Health apps"",""Wearable Devices""]","[""Apps"", ""Wearable Devices"", ""Medication"", ""Gym membership/Personal trainer"", ""Private healthcare"", ""Clothing or shapewear"", ""Supplements""]","{""thighs"": {""concerns"": [""Appearance concerns"", ""Size / shape concerns""], ""frequency"": [""Daily""]}}",,,,mid,
0495bfa2-6e87-411d-a867-0b5ab8eca38a,d8b1c475-62bf-4c23-a01c-7569a2290f19,"[""arms""]","{""arms"": [""Appearance concerns"", ""Size / shape concerns""]}",,"[""Exercise"", ""Supplements"", ""Wearable Devices"", ""Measuring""]",2026-06-16 14:14:24.432402,25_34,business_owner,Fashion tech founder,no_children,60_100k,daily,3,yes,probably,yes,under_20,"[""Trigger detection"", ""Habits affecting my symptoms""]",,,,,"[""Friends or family"",""Social media creators"",""Wearable Devices"",""Specialist clinician"",""Online communities""]","[""Wearable Devices"", ""Supplements"", ""Gym membership/Personal trainer""]","{""arms"": {""concerns"": [""Appearance concerns"", ""Size / shape concerns""], ""frequency"": [""Weekly""]}}",,,,slim,
30a4bef7-6d81-48ca-a2e6-9a43038bc424,a2f9a4f3-1b94-4972-a913-0f3c0e7ba88e,"[""tummy""]","{""tummy"": [""Bloating"", ""Swelling"", ""Hormonal changes"", ""Period-related changes"", ""Clothing fit issues"", ""Weight fluctuations"", ""Waist size changes""]}",,"[""Symptom tracking"", ""Exercise"", ""Other""]",2026-06-17 21:12:59.15995,35_44,self_employed,education,parent,25_40k,weekly,4,yes,definitely,yes,under_20,"[""Cycle understanding"", ""Food and nutrition insights"", ""Improve my wellbeing"", ""Personal baseline and what's normal for me""]",,,,,"[""My GP or doctor"",""I don't trust any source consistently"",""Specialist clinician"",""Health apps"",""Wearable Devices""]","[""Coaching or nutrition support"", ""Gym membership/Personal trainer"", ""Clothing or shapewear""]","{""tummy"": {""concerns"": [""Bloating"", ""Swelling"", ""Hormonal changes"", ""Period-related changes"", ""Clothing fit issues"", ""Weight fluctuations"", ""Waist size changes""], ""frequency"": [""Around my cycle""]}}",,,,mid,
ec9001fa-67e6-4ddf-bcf4-df015d0277a1,68837873-5bc0-4a3c-b488-401e8e6da461,"[""tummy""]","{""tummy"": [""Bloating"", ""Digestive discomfort"", ""Hormonal changes"", ""Period-related changes"", ""Clothing fit issues"", ""Confidence concerns"", ""Weight fluctuations"", ""Waist size changes"", ""Not understanding triggers""]}",,"[""Food tracking"", ""Symptom tracking"", ""Supplements"", ""Exercise"", ""Wearable Devices"", ""Measuring"", ""Taking photos"", ""Loose clothing""]",2026-06-18 14:00:07.763296,35_44,employed_full_time,,parent,25_40k,daily,5,yes,maybe,maybe,20_50,"[""Something else""]",,,,"none of these help, I am already tracking all of these","[""I don't trust any source consistently""]","[""Apps"", ""Supplements"", ""Wearable Devices"", ""Medication"", ""Gym membership/Personal trainer"", ""Clothing or shapewear"", ""Coaching or nutrition support""]","{""tummy"": {""concerns"": [""Bloating"", ""Digestive discomfort"", ""Hormonal changes"", ""Period-related changes"", ""Clothing fit issues"", ""Confidence concerns"", ""Weight fluctuations"", ""Waist size changes"", ""Not understanding triggers""], ""frequency"": [""Daily""]}}",,,,mid,
e348020d-4496-404b-874d-54987c600025,05b54d66-3ed6-4b1c-a61b-d66392e857b2,"[""tummy""]","{""tummy"": [""Bloating"", ""Swelling"", ""Digestive discomfort"", ""Food sensitivities"", ""Hormonal changes"", ""Clothing fit issues"", ""Confidence concerns"", ""Weight fluctuations""]}",,"[""Food tracking"", ""Medication"", ""Exercise"", ""Loose clothing""]",2026-06-19 07:14:54.638572,55_plus,business_owner,Founder,menopausal,100k_plus,occasionally,,yes,definitely,maybe,50_100,"[""Trigger detection"", ""Food and nutrition insights"", ""Patterns I might be missing"", ""Improve my wellbeing"", ""Habits affecting my symptoms"", ""Changes in my body over time"", ""Personal baseline and what's normal for me""]",,,,,"[""My GP or doctor"",""Specialist clinician"",""Health apps"",""Wearable Devices""]","[""Apps"", ""Supplements"", ""Private healthcare"", ""Coaching or nutrition support"", ""Wearable Devices"", ""Medication"", ""Gym membership/Personal trainer"", ""Clothing or shapewear""]","{""tummy"": {""concerns"": [""Bloating"", ""Swelling"", ""Digestive discomfort"", ""Food sensitivities"", ""Hormonal changes"", ""Clothing fit issues"", ""Confidence concerns"", ""Weight fluctuations""], ""frequency"": [""Daily""]}}",,,,curvy,
0a5d7b8f-8afe-4d29-bc16-5e0f5f727e3f,c8c7bbf9-655e-4f8d-9e6c-289daac4cb78,"[""face"", ""tummy"", ""hips"", ""legs""]","{""face"": [""Confidence concerns""], ""hips"": [""Size / shape concerns""], ""legs"": [""Size / shape concerns""], ""tummy"": [""Bloating"", ""Digestive discomfort"", ""Period-related changes"", ""Clothing fit issues"", ""Confidence concerns"", ""Weight fluctuations""]}",,"[""Nothing""]",2026-06-21 16:39:43.791054,25_34,self_employed,founder,no_children,25_40k,occasionally,4,no,maybe,maybe,under_20,"[""Improve my wellbeing"", ""Patterns I might be missing"", ""Food and nutrition insights""]",,,,,"[""Online communities"",""Social media creators"",""Specialist clinician"",""Google search/AI answers"",""Friends or family""]",[],"{""face"": {""concerns"": [""Confidence concerns""], ""frequency"": []}, ""hips"": {""concerns"": [""Size / shape concerns""], ""frequency"": []}, ""legs"": {""concerns"": [""Size / shape concerns""], ""frequency"": [""Monthly""]}, ""tummy"": {""concerns"": [""Bloating"", ""Digestive discomfort"", ""Period-related changes"", ""Clothing fit issues"", ""Confidence concerns"", ""Weight fluctuations""], ""frequency"": []}}",,,,slim,
8668b435-bfe7-4bef-8cf7-9402fe6a79bd,b7952341-57e0-48d7-9cc3-4370a65cbb80,"[""legs""]","{""legs"": [""Size / shape concerns""]}",,"[""Exercise"", ""Loose clothing""]",2026-06-25 10:48:59.418412,35_44,self_employed,,parent,60_100k,occasionally,1,yes,probably,yes,20_50,"[""Improve my wellbeing""]",,,,,"[""My GP or doctor""]","[""Apps"", ""Supplements"", ""Private healthcare"", ""Gym membership/Personal trainer"", ""Clothing or shapewear"", ""Coaching or nutrition support""]","{""legs"": {""concerns"": [""Size / shape concerns""], ""frequency"": [""Weekly""]}}",,,,mid,
